step,tag,value
3992,episode/return,72.1569595336914
3992,episode/length,500.0
3993,episode/return,29.684316635131836
3993,episode/length,500.0
3994,episode/return,82.54608154296875
3994,episode/length,500.0
3995,episode/return,9.121024131774902
3995,episode/length,500.0
3996,episode/return,22.40764808654785
3996,episode/length,500.0
3997,episode/return,71.88597869873047
3997,episode/length,500.0
3998,episode/return,10.710114479064941
3998,episode/length,500.0
3999,episode/return,46.9861946105957
3999,episode/length,500.0
4000,timing/collect_chunk_s,240.33965856209397
4000,timing/train_chunk_s,0.0
4000,dense_rhs/training_bucket_horizon,3.0
4000,system/heartbeat,1.0
4000,seed_pretrain/updates_completed,512.0
4000,timing/collect_chunk_s,0.0
4000,timing/train_chunk_s,73.25223032012582
4000,system/heartbeat,1.0
4000,seed_pretrain/updates_completed,1024.0
4000,timing/collect_chunk_s,0.0
4000,timing/train_chunk_s,74.36484091170132
4000,system/heartbeat,1.0
4000,seed_pretrain/updates_completed,1536.0
4000,timing/collect_chunk_s,0.0
4000,timing/train_chunk_s,75.47813536040485
4000,system/heartbeat,1.0
4000,seed_pretrain/updates_completed,2048.0
4000,timing/collect_chunk_s,0.0
4000,timing/train_chunk_s,76.59238963760436
4000,system/heartbeat,1.0
4000,seed_pretrain/updates_completed,2560.0
4000,timing/collect_chunk_s,0.0
4000,timing/train_chunk_s,77.70748111791909
4000,system/heartbeat,1.0
4000,seed_pretrain/updates_completed,3072.0
4000,timing/collect_chunk_s,0.0
4000,timing/train_chunk_s,78.8220462538302
4000,system/heartbeat,1.0
4000,seed_pretrain/updates_completed,3584.0
4000,timing/collect_chunk_s,0.0
4000,timing/train_chunk_s,79.93671912699938
4000,system/heartbeat,1.0
5000,eval/return_mean,169.53427124023438
5000,eval/return_std,1.4142855405807495
5000,eval/return_max,172.70230102539062
5000,eval/return_min,167.61338806152344
5000,timing/eval_s,42.4057541154325
5000,eval/selected_horizon,3.0
5000,eval/training_bucket_horizon,3.0
5000,system/heartbeat,1.0
6504,train/consistency_loss_mean,8.796938365232758e-05
6504,train/consistency_loss_std,0.0004503655209092879
6504,train/continue_loss_mean,0.0
6504,train/continue_loss_std,0.0
6504,train/grad_norm_mean,0.20701874810446233
6504,train/grad_norm_std,0.12173484804100064
6504,train/policy_log_std_mean,-0.7389324053773727
6504,train/policy_log_std_std,0.5784761052793377
6504,train/policy_loss_mean,-0.4510834870303249
6504,train/policy_loss_std,0.15536494638174136
6504,train/reward_loss_mean,0.22737981296553383
6504,train/reward_loss_std,0.10723462521065738
6504,train/total_loss_mean,0.05201731388529288
6504,train/total_loss_std,0.029834722192531
6504,train/value_loss_mean,0.27519943976607564
6504,train/value_loss_std,0.10538908928794317
6504,train/value_scale_mean,5.764003443395373
6504,train/value_scale_std,2.83129757271735
6504,timing/collect_chunk_s,173.25170539692044
6504,timing/train_chunk_s,125.58900422416627
6504,dense_rhs/training_bucket_horizon,3.0
6504,system/heartbeat,1.0
7992,episode/return,159.08799743652344
7992,episode/length,500.0
7993,episode/return,161.99380493164062
7993,episode/length,500.0
7994,episode/return,159.66122436523438
7994,episode/length,500.0
7995,episode/return,163.4918670654297
7995,episode/length,500.0
7996,episode/return,161.1474151611328
7996,episode/length,500.0
7997,episode/return,167.9485626220703
7997,episode/length,500.0
7998,episode/return,160.50418090820312
7998,episode/length,500.0
7999,episode/return,159.85440063476562
7999,episode/length,500.0
9008,train/consistency_loss_mean,2.5595983011668886e-05
9008,train/consistency_loss_std,7.887384330448042e-06
9008,train/continue_loss_mean,0.0
9008,train/continue_loss_std,0.0
9008,train/grad_norm_mean,0.2695681329447621
9008,train/grad_norm_std,0.14849334353974175
9008,train/policy_log_std_mean,-0.7669419154953271
9008,train/policy_log_std_std,0.3765149679963849
9008,train/policy_loss_mean,-0.6567062221396084
9008,train/policy_loss_std,0.031215626564399322
9008,train/reward_loss_mean,0.23946093998777981
9008,train/reward_loss_std,0.00838526931669829
9008,train/total_loss_mean,0.05013145477817462
9008,train/total_loss_std,0.0013341488508006188
9008,train/value_loss_mean,0.256734398702463
9008,train/value_loss_std,0.011212998314185346
9008,train/value_scale_mean,11.810723329123597
9008,train/value_scale_std,1.1667824628382033
9008,timing/collect_chunk_s,110.95371586829424
9008,timing/train_chunk_s,4.424900712445378
9008,dense_rhs/training_bucket_horizon,3.0
9008,system/heartbeat,1.0
10000,eval/return_mean,232.96078491210938
10000,eval/return_std,38.778594970703125
10000,eval/return_max,292.6253662109375
10000,eval/return_min,176.63555908203125
10000,timing/eval_s,7.298011217266321
10000,eval/selected_horizon,3.0
10000,eval/training_bucket_horizon,3.0
10000,system/heartbeat,1.0
11512,train/consistency_loss_mean,3.01853187484782e-05
11512,train/consistency_loss_std,7.152741072044333e-06
11512,train/continue_loss_mean,0.0
11512,train/continue_loss_std,0.0
11512,train/grad_norm_mean,0.2390492795564877
11512,train/grad_norm_std,0.10875173938303075
11512,train/policy_log_std_mean,-0.8482615269791965
11512,train/policy_log_std_std,0.4291913183466599
11512,train/policy_loss_mean,-0.5277826710821341
11512,train/policy_loss_std,0.028549126558943982
11512,train/reward_loss_mean,0.25047016967409336
11512,train/reward_loss_std,0.008018766201252183
11512,train/total_loss_mean,0.05345377693779933
11512,train/total_loss_std,0.0017492074484092243
11512,train/value_loss_mean,0.27803052471468626
11512,train/value_loss_std,0.016515993895311606
11512,train/value_scale_mean,21.334275443713885
11512,train/value_scale_std,2.554906325996246
11512,timing/collect_chunk_s,109.83438569679856
11512,timing/train_chunk_s,4.452579617500305
11512,dense_rhs/training_bucket_horizon,3.0
11512,system/heartbeat,1.0
11992,episode/return,227.348388671875
11992,episode/length,500.0
11993,episode/return,297.64385986328125
11993,episode/length,500.0
11994,episode/return,215.3788604736328
11994,episode/length,500.0
11995,episode/return,216.326171875
11995,episode/length,500.0
11996,episode/return,270.8783874511719
11996,episode/length,500.0
11997,episode/return,245.36048889160156
11997,episode/length,500.0
11998,episode/return,250.22560119628906
11998,episode/length,500.0
11999,episode/return,278.930908203125
11999,episode/length,500.0
14016,train/consistency_loss_mean,3.054953148662367e-05
14016,train/consistency_loss_std,1.5157408288528118e-05
14016,train/continue_loss_mean,0.0
14016,train/continue_loss_std,0.0
14016,train/grad_norm_mean,0.28982578084682126
14016,train/grad_norm_std,0.22055506439018402
14016,train/policy_log_std_mean,-1.0206825222831946
14016,train/policy_log_std_std,0.6069774856316069
14016,train/policy_loss_mean,-0.6957350066675546
14016,train/policy_loss_std,0.09757730476296539
14016,train/reward_loss_mean,0.2534078377218673
14016,train/reward_loss_std,0.0074684678748903575
14016,train/total_loss_mean,0.050579407618354305
14016,train/total_loss_std,0.001661853044950023
14016,train/value_loss_mean,0.2462763211692865
14016,train/value_loss_std,0.012890184568893551
14016,train/value_scale_mean,22.838709279752006
14016,train/value_scale_std,1.873786734484076
14016,timing/collect_chunk_s,112.47962857037783
14016,timing/train_chunk_s,4.484467627480626
14016,dense_rhs/training_bucket_horizon,3.0
14016,system/heartbeat,1.0
15000,eval/return_mean,683.8250732421875
15000,eval/return_std,7.30444860458374
15000,eval/return_max,692.8338623046875
15000,eval/return_min,670.5950927734375
15000,timing/eval_s,6.5319409389048815
15000,eval/selected_horizon,3.0
15000,eval/training_bucket_horizon,3.0
15000,system/heartbeat,1.0
15992,episode/return,544.6407470703125
15992,episode/length,500.0
15993,episode/return,263.9523010253906
15993,episode/length,500.0
15994,episode/return,305.09539794921875
15994,episode/length,500.0
15995,episode/return,327.2586364746094
15995,episode/length,500.0
15996,episode/return,350.3433532714844
15996,episode/length,500.0
15997,episode/return,360.5522155761719
15997,episode/length,500.0
15998,episode/return,341.2438049316406
15998,episode/length,500.0
15999,episode/return,361.4115905761719
15999,episode/length,500.0
16520,train/consistency_loss_mean,1.9949919162765362e-05
16520,train/consistency_loss_std,4.572203002981914e-06
16520,train/continue_loss_mean,0.0
16520,train/continue_loss_std,0.0
16520,train/grad_norm_mean,0.16292393378937206
16520,train/grad_norm_std,0.0621509754350264
16520,train/policy_log_std_mean,-1.3693491555631352
16520,train/policy_log_std_std,0.6501206945555076
16520,train/policy_loss_mean,-0.6123425899603115
16520,train/policy_loss_std,0.0728221454987405
16520,train/reward_loss_mean,0.2586237154067896
16520,train/reward_loss_std,0.007269039626461731
16520,train/total_loss_mean,0.054027809681126866
16520,train/total_loss_std,0.00192421246608491
16520,train/value_loss_mean,0.27766438299855484
16520,train/value_loss_std,0.017196019195695796
16520,train/value_scale_mean,31.707930446051943
16520,train/value_scale_std,5.119335129728505
16520,timing/collect_chunk_s,110.82090163044631
16520,timing/train_chunk_s,4.480690209195018
16520,dense_rhs/training_bucket_horizon,3.0
16520,system/heartbeat,1.0
19024,train/consistency_loss_mean,2.2834752203830438e-05
19024,train/consistency_loss_std,5.319604203431642e-06
19024,train/continue_loss_mean,0.0
19024,train/continue_loss_std,0.0
19024,train/grad_norm_mean,0.22409327190143233
19024,train/grad_norm_std,0.10487683814850132
19024,train/policy_log_std_mean,-1.203459358253418
19024,train/policy_log_std_std,0.676776908934884
19024,train/policy_loss_mean,-0.442333514317156
19024,train/policy_loss_std,0.021796563250567915
19024,train/reward_loss_mean,0.26319397752658247
19024,train/reward_loss_std,0.007383632436641862
19024,train/total_loss_mean,0.055936929088431044
19024,train/total_loss_std,0.0014604050407155706
19024,train/value_loss_mean,0.2916083512976528
19024,train/value_loss_std,0.011982452309144194
19024,train/value_scale_mean,54.89153821171282
19024,train/value_scale_std,5.597040212121674
19024,timing/collect_chunk_s,110.66673477739096
19024,timing/train_chunk_s,4.449030706658959
19024,dense_rhs/training_bucket_horizon,3.0
19024,system/heartbeat,1.0
19992,episode/return,606.6452026367188
19992,episode/length,500.0
19993,episode/return,609.2899780273438
19993,episode/length,500.0
19994,episode/return,602.8533935546875
19994,episode/length,500.0
19995,episode/return,608.6561279296875
19995,episode/length,500.0
19996,episode/return,607.5490112304688
19996,episode/length,500.0
19997,episode/return,604.2691650390625
19997,episode/length,500.0
19998,episode/return,608.3999633789062
19998,episode/length,500.0
19999,episode/return,607.2136840820312
19999,episode/length,500.0
20000,eval/return_mean,666.9368896484375
20000,eval/return_std,1.5198618173599243
20000,eval/return_max,668.7438354492188
20000,eval/return_min,663.6807250976562
20000,timing/eval_s,6.247149560600519
20000,eval/selected_horizon,3.0
20000,eval/training_bucket_horizon,3.0
20000,system/heartbeat,1.0
21528,train/consistency_loss_mean,1.9149405134361262e-05
21528,train/consistency_loss_std,4.794793683065548e-06
21528,train/continue_loss_mean,0.0
21528,train/continue_loss_std,0.0
21528,train/grad_norm_mean,0.19597094520307579
21528,train/grad_norm_std,0.08727320290595254
21528,train/policy_log_std_mean,-1.2411603211594846
21528,train/policy_log_std_std,0.6783628414045808
21528,train/policy_loss_mean,-0.497546897052576
21528,train/policy_loss_std,0.020185849353738242
21528,train/reward_loss_mean,0.26668130237454424
21528,train/reward_loss_std,0.006936597108799511
21528,train/total_loss_mean,0.05508102774143981
21528,train/total_loss_std,0.0015899072343655818
21528,train/value_loss_mean,0.2802990955857042
21528,train/value_loss_std,0.014464754724937919
21528,train/value_scale_mean,61.2916659760399
21528,train/value_scale_std,1.9076127196713695
21528,timing/collect_chunk_s,111.49895421974361
21528,timing/train_chunk_s,4.452073002234101
21528,dense_rhs/training_bucket_horizon,3.0
21528,system/heartbeat,1.0
23992,episode/return,553.9216918945312
23992,episode/length,500.0
23993,episode/return,559.1126708984375
23993,episode/length,500.0
23994,episode/return,560.9141235351562
23994,episode/length,500.0
23995,episode/return,558.0516357421875
23995,episode/length,500.0
23996,episode/return,559.77783203125
23996,episode/length,500.0
23997,episode/return,560.4027099609375
23997,episode/length,500.0
23998,episode/return,557.568359375
23998,episode/length,500.0
23999,episode/return,563.9132690429688
23999,episode/length,500.0
24032,train/consistency_loss_mean,1.753410270349543e-05
24032,train/consistency_loss_std,6.339619358593213e-06
24032,train/continue_loss_mean,0.0
24032,train/continue_loss_std,0.0
24032,train/grad_norm_mean,0.20426410386642327
24032,train/grad_norm_std,0.10917859513609254
24032,train/policy_log_std_mean,-1.2585942914691597
24032,train/policy_log_std_std,0.7082566535702233
24032,train/policy_loss_mean,-0.5446307733416939
24032,train/policy_loss_std,0.043028336567577694
24032,train/reward_loss_mean,0.26881676093457985
24032,train/reward_loss_std,0.006980582559557685
24032,train/total_loss_mean,0.05409495158793446
24032,train/total_loss_std,0.0012409735473314812
24032,train/value_loss_mean,0.2686259219059929
24032,train/value_loss_std,0.010184629864522622
24032,train/value_scale_mean,68.96641642902605
24032,train/value_scale_std,1.9244359686644814
24032,timing/collect_chunk_s,111.99336064048111
24032,timing/train_chunk_s,4.446542186662555
24032,dense_rhs/training_bucket_horizon,3.0
24032,system/heartbeat,1.0
25000,eval/return_mean,831.3396606445312
25000,eval/return_std,1.0941790342330933
25000,eval/return_max,833.5398559570312
25000,eval/return_min,829.84326171875
25000,timing/eval_s,6.280002212151885
25000,eval/selected_horizon,3.0
25000,eval/training_bucket_horizon,3.0
25000,system/heartbeat,1.0
26536,train/consistency_loss_mean,1.2813083079768889e-05
26536,train/consistency_loss_std,3.3012922953078293e-06
26536,train/continue_loss_mean,0.0
26536,train/continue_loss_std,0.0
26536,train/grad_norm_mean,0.13081936669140198
26536,train/grad_norm_std,0.05592902370291789
26536,train/policy_log_std_mean,-1.0408567835728582
26536,train/policy_log_std_std,0.5669858481769369
26536,train/policy_loss_mean,-0.5645770057321737
26536,train/policy_loss_std,0.04364686131791678
26536,train/reward_loss_mean,0.2600848399602567
26536,train/reward_loss_std,0.007349550917522273
26536,train/total_loss_mean,0.05152331629452614
26536,train/total_loss_std,0.0015909616166443336
26536,train/value_loss_mean,0.2525856879572518
26536,train/value_loss_std,0.0145027503022184
26536,train/value_scale_mean,75.43495704724005
26536,train/value_scale_std,7.611539375437575
26536,timing/collect_chunk_s,111.29519000649452
26536,timing/train_chunk_s,4.447975013405085
26536,dense_rhs/training_bucket_horizon,3.0
26536,system/heartbeat,1.0
27992,episode/return,575.0977172851562
27992,episode/length,500.0
27993,episode/return,571.9086303710938
27993,episode/length,500.0
27994,episode/return,574.8515625
27994,episode/length,500.0
27995,episode/return,571.5859985351562
27995,episode/length,500.0
27996,episode/return,574.4690551757812
27996,episode/length,500.0
27997,episode/return,574.166015625
27997,episode/length,500.0
27998,episode/return,572.5679931640625
27998,episode/length,500.0
27999,episode/return,571.3584594726562
27999,episode/length,500.0
29040,train/consistency_loss_mean,1.4284763535241613e-05
29040,train/consistency_loss_std,4.131343916601847e-06
29040,train/continue_loss_mean,0.0
29040,train/continue_loss_std,0.0
29040,train/grad_norm_mean,0.1483815317622389
29040,train/grad_norm_std,0.07430911760627969
29040,train/policy_log_std_mean,-1.2760675349555457
29040,train/policy_log_std_std,0.7175981574725099
29040,train/policy_loss_mean,-0.5341828572102629
29040,train/policy_loss_std,0.014571297625968446
29040,train/reward_loss_mean,0.2609237776206324
29040,train/reward_loss_std,0.007344463367408545
29040,train/total_loss_mean,0.05109388525255572
29040,train/total_loss_std,0.0015717195810166392
29040,train/value_loss_mean,0.247158111617588
29040,train/value_loss_std,0.014131224334668417
29040,train/value_scale_mean,86.4535294554104
29040,train/value_scale_std,2.7666032750683804
29040,timing/collect_chunk_s,111.79024490900338
29040,timing/train_chunk_s,4.450475098565221
29040,dense_rhs/training_bucket_horizon,3.0
29040,system/heartbeat,1.0
30000,eval/return_mean,754.6090087890625
30000,eval/return_std,0.5646823048591614
30000,eval/return_max,755.036376953125
30000,eval/return_min,752.984619140625
30000,timing/eval_s,6.23108334466815
30000,eval/selected_horizon,3.0
30000,eval/training_bucket_horizon,3.0
30000,system/heartbeat,1.0
31544,train/consistency_loss_mean,1.3078099967993292e-05
31544,train/consistency_loss_std,3.260093523608188e-06
31544,train/continue_loss_mean,0.0
31544,train/continue_loss_std,0.0
31544,train/grad_norm_mean,0.15289807307739228
31544,train/grad_norm_std,0.07363054415841987
31544,train/policy_log_std_mean,-1.3378487615920485
31544,train/policy_log_std_std,0.7212697235248005
31544,train/policy_loss_mean,-0.49765632223016537
31544,train/policy_loss_std,0.011731352832498721
31544,train/reward_loss_mean,0.2615746701487337
31544,train/reward_loss_std,0.007277244899349344
31544,train/total_loss_mean,0.05404971222193858
31544,train/total_loss_std,0.0011299320645019103
31544,train/value_loss_mean,0.27630682075366425
31544,train/value_loss_std,0.0086184799902698
31544,train/value_scale_mean,101.5924391822693
31544,train/value_scale_std,3.727106714245409
31544,timing/collect_chunk_s,113.34925169870257
31544,timing/train_chunk_s,4.439358735457063
31544,dense_rhs/training_bucket_horizon,3.0
31544,system/heartbeat,1.0
31992,episode/return,724.8572998046875
31992,episode/length,500.0
31993,episode/return,723.4676513671875
31993,episode/length,500.0
31994,episode/return,724.4344482421875
31994,episode/length,500.0
31995,episode/return,664.4720458984375
31995,episode/length,500.0
31996,episode/return,654.1845092773438
31996,episode/length,500.0
31997,episode/return,653.3587036132812
31997,episode/length,500.0
31998,episode/return,719.6492309570312
31998,episode/length,500.0
31999,episode/return,633.20947265625
31999,episode/length,500.0
34048,train/consistency_loss_mean,1.3024640866089798e-05
34048,train/consistency_loss_std,3.6023662561460632e-06
34048,train/continue_loss_mean,0.0
34048,train/continue_loss_std,0.0
34048,train/grad_norm_mean,0.14264778914257362
34048,train/grad_norm_std,0.06114162236524905
34048,train/policy_log_std_mean,-1.3570471118433407
34048,train/policy_log_std_std,0.7417820424947579
34048,train/policy_loss_mean,-0.5162994068461104
34048,train/policy_loss_std,0.015451032476743223
34048,train/reward_loss_mean,0.2608964412737959
34048,train/reward_loss_std,0.007216774881490934
34048,train/total_loss_mean,0.05462849637666069
34048,train/total_loss_std,0.001109961730158874
34048,train/value_loss_mean,0.28278358904317547
34048,train/value_loss_std,0.009005344301506464
34048,train/value_scale_mean,105.46218148130959
34048,train/value_scale_std,0.5729433648166984
34048,timing/collect_chunk_s,113.51763596199453
34048,timing/train_chunk_s,4.426322964951396
34048,dense_rhs/training_bucket_horizon,3.0
34048,system/heartbeat,1.0
35000,eval/return_mean,773.9901123046875
35000,eval/return_std,0.3879953622817993
35000,eval/return_max,774.6806640625
35000,eval/return_min,773.40234375
35000,timing/eval_s,6.238715462386608
35000,eval/selected_horizon,3.0
35000,eval/training_bucket_horizon,3.0
35000,system/heartbeat,1.0
35992,episode/return,712.9277954101562
35992,episode/length,500.0
35993,episode/return,712.1248779296875
35993,episode/length,500.0
35994,episode/return,710.9061889648438
35994,episode/length,500.0
35995,episode/return,712.7782592773438
35995,episode/length,500.0
35996,episode/return,710.9177856445312
35996,episode/length,500.0
35997,episode/return,710.5589599609375
35997,episode/length,500.0
35998,episode/return,713.0170288085938
35998,episode/length,500.0
35999,episode/return,712.5162963867188
35999,episode/length,500.0
36552,train/consistency_loss_mean,1.1356149424189558e-05
36552,train/consistency_loss_std,4.062321496641786e-06
36552,train/continue_loss_mean,0.0
36552,train/continue_loss_std,0.0
36552,train/grad_norm_mean,0.12038361445402566
36552,train/grad_norm_std,0.06079602442124701
36552,train/policy_log_std_mean,-1.2919064493605885
36552,train/policy_log_std_std,0.7171409506353525
36552,train/policy_loss_mean,-0.5522184368139639
36552,train/policy_loss_std,0.012571758215280391
36552,train/reward_loss_mean,0.2605309764417216
36552,train/reward_loss_std,0.00730364322153479
36552,train/total_loss_mean,0.056306726456926276
36552,train/total_loss_std,0.0014616208655576053
36552,train/value_loss_mean,0.3002650533050013
36552,train/value_loss_std,0.014732444638324935
36552,train/value_scale_mean,104.75647262719492
36552,train/value_scale_std,0.3503236410062823
36552,timing/collect_chunk_s,108.52270874753594
36552,timing/train_chunk_s,4.436011152341962
36552,dense_rhs/training_bucket_horizon,3.0
36552,system/heartbeat,1.0
39056,train/consistency_loss_mean,1.053538680673646e-05
39056,train/consistency_loss_std,2.8428420949332822e-06
39056,train/continue_loss_mean,0.0
39056,train/continue_loss_std,0.0
39056,train/grad_norm_mean,0.11140611653510755
39056,train/grad_norm_std,0.04840366046051846
39056,train/policy_log_std_mean,-1.3134312427843722
39056,train/policy_log_std_std,0.6449163187611942
39056,train/policy_loss_mean,-0.5751364714802264
39056,train/policy_loss_std,0.010938553282189862
39056,train/reward_loss_mean,0.2599798000087372
39056,train/reward_loss_std,0.0072601212184342625
39056,train/total_loss_mean,0.05739083520758647
39056,train/total_loss_std,0.001048870578652026
39056,train/value_loss_mean,0.31182146538941624
39056,train/value_loss_std,0.00717972588990332
39056,train/value_scale_mean,105.45180179973761
39056,train/value_scale_std,1.1487726922411674
39056,timing/collect_chunk_s,114.59362964518368
39056,timing/train_chunk_s,4.45466979406774
39056,dense_rhs/training_bucket_horizon,3.0
39056,system/heartbeat,1.0
39992,episode/return,785.5244140625
39992,episode/length,500.0
39993,episode/return,785.968994140625
39993,episode/length,500.0
39994,episode/return,783.6420288085938
39994,episode/length,500.0
39995,episode/return,785.7334594726562
39995,episode/length,500.0
39996,episode/return,787.0520629882812
39996,episode/length,500.0
39997,episode/return,785.5413208007812
39997,episode/length,500.0
39998,episode/return,782.7461547851562
39998,episode/length,500.0
39999,episode/return,784.6273193359375
39999,episode/length,500.0
40000,eval/return_mean,758.4072265625
40000,eval/return_std,0.5797847509384155
40000,eval/return_max,759.4453735351562
40000,eval/return_min,757.315673828125
40000,timing/eval_s,6.263915613293648
40000,eval/selected_horizon,3.0
40000,eval/training_bucket_horizon,3.0
40000,system/heartbeat,1.0
41560,train/consistency_loss_mean,1.0029832964981836e-05
41560,train/consistency_loss_std,3.3971768271362187e-06
41560,train/continue_loss_mean,0.0
41560,train/continue_loss_std,0.0
41560,train/grad_norm_mean,0.11218231401075951
41560,train/grad_norm_std,0.055068148836464915
41560,train/policy_log_std_mean,-1.277856920854733
41560,train/policy_log_std_std,0.6267124786257068
41560,train/policy_loss_mean,-0.5965564656562318
41560,train/policy_loss_std,0.016507546997319
41560,train/reward_loss_mean,0.2583085632743165
41560,train/reward_loss_std,0.007333908750656357
41560,train/total_loss_mean,0.05547271083338192
41560,train/total_loss_std,0.0011495755709438399
41560,train/value_loss_mean,0.2944125729247023
41560,train/value_loss_std,0.009091902534438307
41560,train/value_scale_mean,105.05368509993386
41560,train/value_scale_std,1.5466279695167213
41560,timing/collect_chunk_s,115.49244174174964
41560,timing/train_chunk_s,4.449734583497047
41560,dense_rhs/training_bucket_horizon,3.0
41560,system/heartbeat,1.0
43992,episode/return,806.2744140625
43992,episode/length,500.0
43993,episode/return,805.8182373046875
43993,episode/length,500.0
43994,episode/return,807.4027709960938
43994,episode/length,500.0
43995,episode/return,807.363037109375
43995,episode/length,500.0
43996,episode/return,805.2319946289062
43996,episode/length,500.0
43997,episode/return,807.2501831054688
43997,episode/length,500.0
43998,episode/return,804.7994995117188
43998,episode/length,500.0
43999,episode/return,806.4083862304688
43999,episode/length,500.0
44064,train/consistency_loss_mean,8.417672008723608e-06
44064,train/consistency_loss_std,3.0282652561167466e-06
44064,train/continue_loss_mean,0.0
44064,train/continue_loss_std,0.0
44064,train/grad_norm_mean,0.0955973073554496
44064,train/grad_norm_std,0.04614422271087956
44064,train/policy_log_std_mean,-1.3751306543334985
44064,train/policy_log_std_std,0.5988362847371052
44064,train/policy_loss_mean,-0.6459036208570194
44064,train/policy_loss_std,0.016427051847142864
44064,train/reward_loss_mean,0.26053202723542723
44064,train/reward_loss_std,0.007165881472856527
44064,train/total_loss_mean,0.053241392805839116
44064,train/total_loss_std,0.0010451464779376717
44064,train/value_loss_mean,0.27019835156373706
44064,train/value_loss_std,0.008560762106828467
44064,train/value_scale_mean,99.4733700005772
44064,train/value_scale_std,1.435268517485612
44064,timing/collect_chunk_s,109.0715357568115
44064,timing/train_chunk_s,4.458914265036583
44064,dense_rhs/training_bucket_horizon,3.0
44064,system/heartbeat,1.0
45000,eval/return_mean,765.7723388671875
45000,eval/return_std,0.4507187008857727
45000,eval/return_max,766.426513671875
45000,eval/return_min,764.853515625
45000,timing/eval_s,6.241977760568261
45000,eval/selected_horizon,3.0
45000,eval/training_bucket_horizon,3.0
45000,system/heartbeat,1.0
46568,train/consistency_loss_mean,8.099721036761678e-06
46568,train/consistency_loss_std,3.0890077393131042e-06
46568,train/continue_loss_mean,0.0
46568,train/continue_loss_std,0.0
46568,train/grad_norm_mean,0.09870174885415041
46568,train/grad_norm_std,0.04598710122313018
46568,train/policy_log_std_mean,-1.3252473841079127
46568,train/policy_log_std_std,0.5899458642215512
46568,train/policy_loss_mean,-0.6279549076915169
46568,train/policy_loss_std,0.04552508031763342
46568,train/reward_loss_mean,0.263444607440656
46568,train/reward_loss_std,0.006990934269181972
46568,train/total_loss_mean,0.05219053872191487
46568,train/total_loss_std,0.0012300872425105357
46568,train/value_loss_mean,0.25684081832060035
46568,train/value_loss_std,0.01002023567508913
46568,train/value_scale_mean,104.93795235240802
46568,train/value_scale_std,9.841907590829967
46568,timing/collect_chunk_s,117.12335338257253
46568,timing/train_chunk_s,4.459044955670834
46568,dense_rhs/training_bucket_horizon,3.0
46568,system/heartbeat,1.0
47992,episode/return,756.4537963867188
47992,episode/length,500.0
47993,episode/return,755.60595703125
47993,episode/length,500.0
47994,episode/return,754.9124145507812
47994,episode/length,500.0
47995,episode/return,755.8328247070312
47995,episode/length,500.0
47996,episode/return,755.0943603515625
47996,episode/length,500.0
47997,episode/return,754.8318481445312
47997,episode/length,500.0
47998,episode/return,755.4993896484375
47998,episode/length,500.0
47999,episode/return,756.4041137695312
47999,episode/length,500.0
49072,train/consistency_loss_mean,9.923596444888228e-06
49072,train/consistency_loss_std,5.7052775067944015e-06
49072,train/continue_loss_mean,0.0
49072,train/continue_loss_std,0.0
49072,train/grad_norm_mean,0.11658348846502198
49072,train/grad_norm_std,0.07309742989924972
49072,train/policy_log_std_mean,-1.0842544560234386
49072,train/policy_log_std_std,0.5491141677605036
49072,train/policy_loss_mean,-0.5205928327176518
49072,train/policy_loss_std,0.01568073801205648
49072,train/reward_loss_mean,0.26154378056526184
49072,train/reward_loss_std,0.007099373766531891
49072,train/total_loss_mean,0.051129895122573016
49072,train/total_loss_std,0.0024087917900850043
49072,train/value_loss_mean,0.2477704411307082
49072,train/value_loss_std,0.023438069696739235
49072,train/value_scale_mean,141.38163455073445
49072,train/value_scale_std,1.3760811068587122
49072,timing/collect_chunk_s,110.17172214388847
49072,timing/train_chunk_s,4.459076290950179
49072,dense_rhs/training_bucket_horizon,3.0
49072,system/heartbeat,1.0
50000,timing/checkpoint_blocking_s,0.2787087466567755
50000,eval/return_mean,765.3822631835938
50000,eval/return_std,0.3838851749897003
50000,eval/return_max,765.92431640625
50000,eval/return_min,764.6881103515625
50000,timing/eval_s,6.2323985155671835
50000,eval/selected_horizon,3.0
50000,eval/training_bucket_horizon,3.0
50000,system/heartbeat,1.0
