profile,step,delay,horizon,deployed_horizon,counterfactual_horizon,env_mean,env_std,decision_score,deployment_score,return_term,roughness_term,return_std_term,conditional_reference_mean
b1,36000,0,2,2,2,335.625,84.46920776367188,0.0,0.0,0.0,-0.0,-0.0,837.1484375
b1,36000,0,3,2,2,336.28125,86.66502380371094,-1.4418691396713257,-1.4418691396713257,0.013124999590218067,-1.4110777378082275,-0.04391631856560707,838.890625
b1,36000,0,4,2,2,337.71875,86.11991119384766,-1.854390025138855,-1.854390025138855,0.041874997317790985,-1.863250970840454,-0.03301406651735306,840.8359375
b1,36000,0,5,2,2,336.625,90.30667877197266,-2.4054999351501465,-2.4054999351501465,0.019999999552965164,-2.3087503910064697,-0.11674942076206207,840.2265625
b1,36000,0,6,2,2,335.34375,91.63773345947266,-2.8234710693359375,-2.8234710693359375,-0.005624999757856131,-2.6744754314422607,-0.14337050914764404,837.6875
b1,36000,0,7,2,2,335.59375,91.229736328125,-3.312837600708008,-3.312837600708008,-0.0006249999860301614,-3.177002191543579,-0.1352105736732483,838.234375
b1,36000,0,8,2,2,334.5,92.39825439453125,-3.676328420639038,-3.676328420639038,-0.022499999031424522,-3.4952473640441895,-0.1585809290409088,838.7890625
b1,38000,2,2,2,2,345.46875,84.31488037109375,0.0,0.0,0.0,-0.0,-0.0,
b1,38000,2,3,2,2,187.53125,53.42692565917969,-3.5517802238464355,-3.5517802238464355,-3.15874981880188,-1.0107898712158203,0.617759108543396,
b1,38000,2,4,2,2,147.40625,63.449222564697266,-5.459977626800537,-5.459977626800537,-3.961249828338623,-1.9160408973693848,0.4173131585121155,
b1,38000,2,5,2,2,81.59375,30.273605346679688,-6.878955841064453,-6.878955841064453,-5.277499675750732,-2.682281494140625,1.0808254480361938,
b1,38000,2,6,2,2,71.75,28.747825622558594,-7.710266590118408,-7.710266590118408,-5.474374771118164,-3.3472328186035156,1.111341118812561,
b1,38000,2,7,2,2,59.34375,23.634733200073242,-8.452126502990723,-8.452126502990723,-5.722499847412109,-3.943230152130127,1.213602900505066,
b1,38000,2,8,2,2,63.3125,36.39663314819336,-9.17557144165039,-9.17557144165039,-5.643125057220459,-4.490810394287109,0.9583649039268494,
b1,40000,2,2,2,2,309.6875,125.41865539550781,0.0,0.0,0.0,-0.0,-0.0,674.9140625
b1,40000,2,3,2,2,319.8125,120.9200210571289,-0.2887253165245056,-0.2887253165245056,0.20250000059604645,-0.58119797706604,0.08997268229722977,678.671875
b1,40000,2,4,2,2,320.125,121.27313232421875,-0.8363330960273743,-0.8363330960273743,0.20874999463558197,-1.1279935836791992,0.0829104632139206,664.84375
b1,40000,2,5,2,2,316.40625,121.32313537597656,-1.5087116956710815,-1.5087116956710815,0.13437499105930328,-1.7249970436096191,0.0819104015827179,667.984375
b1,40000,2,6,2,2,309.09375,119.92662811279297,-2.222113609313965,-2.222113609313965,-0.011874999850988388,-2.3200793266296387,0.10984054207801819,657.2109375
b1,40000,2,7,2,2,244.03125,141.78868103027344,-4.814699649810791,-4.814699649810791,-1.3131250143051147,-3.1741738319396973,-0.3274005055427551,602.8359375
b1,40000,2,8,2,2,217.0625,138.92959594726562,-6.4626665115356445,-6.4626665115356445,-1.8524999618530273,-4.339947700500488,-0.2702188193798065,608.1328125
b1,42000,6,2,2,2,46.90625,18.70220375061035,0.0,0.0,0.0,-0.0,-0.0,
b1,42000,6,3,2,2,43.96875,21.644115447998047,-1.1853148937225342,-1.1853148937225342,-0.05874999985098839,-1.0677266120910645,-0.05883823335170746,
b1,42000,6,4,2,2,38.65625,23.819122314453125,-2.9532852172851562,-2.9532852172851562,-0.16499999165534973,-2.6859469413757324,-0.10233836621046066,
b1,42000,6,5,2,2,29.8125,17.070510864257812,-3.8729517459869385,-3.8729517459869385,-0.34187498688697815,-3.5637104511260986,0.03263385593891144,
b1,42000,6,6,2,2,27.90625,17.688907623291016,-4.8056182861328125,-4.8056182861328125,-0.3799999952316284,-4.4458842277526855,0.02026592195034027,
b1,42000,6,7,2,2,20.875,24.977176666259766,-6.174246311187744,-6.174246311187744,-0.5206249952316284,-5.5281219482421875,-0.12549945712089539,
b1,42000,6,8,2,2,13.59375,18.998123168945312,-7.073884010314941,-7.073884010314941,-0.6662499904632568,-6.401715278625488,-0.00591838825494051,
b1,44000,6,2,2,2,33.625,17.863632202148438,0.0,0.0,0.0,-0.0,-0.0,79.2578125
b1,44000,6,3,2,2,37.5,16.83745765686035,-1.1409016847610474,-1.1409016847610474,0.07750000059604645,-1.2389252185821533,0.020523490384221077,83.984375
b1,44000,6,4,2,2,39.09375,19.526199340820312,-2.7669379711151123,-2.7669379711151123,0.109375,-2.843061685562134,-0.03325134143233299,92.9375
b1,44000,6,5,2,2,29.03125,14.442741394042969,-3.4714269638061523,-3.4714269638061523,-0.09187499433755875,-3.447969675064087,0.06841781735420227,77.234375
b1,44000,6,6,2,2,23.8125,13.675793647766113,-3.993109941482544,-3.993109941482544,-0.19624999165534973,-3.8806166648864746,0.08375676721334457,67.4453125
b1,44000,6,7,2,2,23.4375,12.658834457397461,-4.457790851593018,-4.457790851593018,-0.20374999940395355,-4.3581366539001465,0.1040959507226944,67.546875
b1,44000,6,8,2,2,22.09375,12.836372375488281,-4.754169464111328,-4.754169464111328,-0.2306249886751175,-4.62408971786499,0.10054519772529602,66.921875
b1,46000,4,2,2,2,55.84375,33.23506164550781,0.0,0.0,0.0,-0.0,-0.0,
b1,46000,4,3,2,2,41.84375,18.282691955566406,-1.1771363019943237,-1.1771363019943237,-0.2800000011920929,-1.196183681488037,0.2990473806858063,
b1,46000,4,4,2,2,51.71875,37.99607849121094,-2.6931345462799072,-2.6931345462799072,-0.08249999582767487,-2.515414237976074,-0.09522033482789993,
b1,46000,4,5,2,2,36.78125,16.784915924072266,-2.9303197860717773,-2.9303197860717773,-0.3812499940395355,-2.878072738647461,0.32900291681289673,
b1,46000,4,6,2,2,31.5625,16.59054183959961,-3.644287586212158,-3.644287586212158,-0.4856249988079071,-3.4915530681610107,0.3328903913497925,
b1,46000,4,7,2,2,31.5625,15.638368606567383,-3.663693904876709,-3.663693904876709,-0.4856249988079071,-3.530003070831299,0.35193386673927307,
b1,46000,4,8,2,2,31.0,15.674422264099121,-4.274326801300049,-4.274326801300049,-0.49687498807907104,-4.128664970397949,0.3512127697467804,
b1,48000,4,2,2,2,92.96875,76.35545349121094,0.0,0.0,0.0,-0.0,-0.0,224.40625
b1,48000,4,3,2,2,138.375,74.86143493652344,-0.281423419713974,-0.281423419713974,0.9081249833106995,-1.2194287776947021,0.029880370944738388,354.3203125
b1,48000,4,4,2,2,148.28125,89.64347076416016,-0.8478856086730957,-0.8478856086730957,1.1062499284744263,-1.6883752346038818,-0.2657603323459625,380.2421875
b1,48000,4,5,2,2,90.5,70.28379821777344,-1.9617325067520142,-1.9617325067520142,-0.04937499761581421,-2.0337905883789062,0.12143310159444809,245.15625
b1,48000,4,6,2,2,30.625,26.680692672729492,-2.5680911540985107,-2.5680911540985107,-1.2468749284744263,-2.314711570739746,0.9934951663017273,82.7890625
b1,48000,4,7,2,2,30.65625,22.95730972290039,-2.9044790267944336,-2.9044790267944336,-1.2462499141693115,-2.726191997528076,1.067962884902954,62.59375
b1,48000,4,8,2,2,35.875,24.7408447265625,-3.3900234699249268,-3.3900234699249268,-1.1418750286102295,-3.2804408073425293,1.032292127609253,88.5703125
b1,50000,0,2,2,2,339.96875,76.86614990234375,0.0,0.0,0.0,-0.0,-0.0,
b1,50000,0,3,2,2,340.75,76.73371124267578,-1.02864408493042,-1.02864408493042,0.015625,-1.0469179153442383,0.0026487731374800205,
b1,50000,0,4,2,2,340.375,77.04695892333984,-2.166126251220703,-2.166126251220703,0.008124999701976776,-2.170635223388672,-0.003616180270910263,
b1,50000,0,5,2,2,339.875,77.70165252685547,-2.9529716968536377,-2.9529716968536377,-0.0018749999580904841,-2.934386730194092,-0.016710052266716957,
b1,50000,0,6,2,2,335.0,83.98995208740234,-3.7093071937561035,-3.7093071937561035,-0.09937499463558197,-3.467456102371216,-0.14247603714466095,
b1,50000,0,7,2,2,335.28125,83.85784912109375,-4.119448184967041,-4.119448184967041,-0.09375,-3.885864019393921,-0.1398339867591858,
b1,50000,0,8,2,2,334.1875,85.49430847167969,-4.595046520233154,-4.595046520233154,-0.11562499403953552,-4.306858539581299,-0.17256316542625427,
b1,52000,0,2,2,2,318.125,110.70392608642578,0.0,0.0,0.0,-0.0,-0.0,792.8203125
b1,52000,0,3,2,2,315.78125,114.45433044433594,-1.708816647529602,-1.708816647529602,-0.046875,-1.5869336128234863,-0.0750080868601799,791.84375
b1,52000,0,4,2,2,304.15625,132.70787048339844,-2.9169578552246094,-2.9169578552246094,-0.27937498688697815,-2.1975038051605225,-0.44007888436317444,781.6875
b1,52000,0,5,2,2,303.96875,132.90867614746094,-4.23617696762085,-4.23617696762085,-0.28312498331069946,-3.5089569091796875,-0.4440949857234955,769.3125
b1,52000,0,6,2,2,305.5,134.96620178222656,-4.463141918182373,-4.463141918182373,-0.2524999976158142,-3.725396156311035,-0.4852454960346222,768.3515625
b1,52000,0,7,2,2,305.75,134.91896057128906,-4.856904983520508,-4.856904983520508,-0.2474999874830246,-4.1251044273376465,-0.4843006730079651,768.1640625
b1,52000,0,8,2,2,304.71875,135.73623657226562,-5.471670627593994,-5.471670627593994,-0.2681249976158142,-4.70289945602417,-0.50064617395401,766.890625
b1,54000,0,2,2,2,334.25,89.4060287475586,0.0,0.0,0.0,-0.0,-0.0,833.1875
b1,54000,0,3,2,2,334.4375,89.65766143798828,-0.7181252837181091,-0.7181252837181091,0.0037499999161809683,-0.7168426513671875,-0.005032653920352459,832.375
b1,54000,0,4,2,2,334.625,89.51981353759766,-1.499832034111023,-1.499832034111023,0.007499999832361937,-1.505056381225586,-0.0022756957914680243,827.9921875
b1,54000,0,5,2,2,334.34375,89.92587280273438,-2.2712559700012207,-2.2712559700012207,0.0018749999580904841,-2.2627339363098145,-0.010396881029009819,827.65625
b1,54000,0,6,2,2,334.5,89.55793762207031,-2.9539005756378174,-2.9539005756378174,0.004999999888241291,-2.955862522125244,-0.0030381774995476007,826.9296875
b1,54000,0,7,2,2,335.1875,89.23123931884766,-3.556997060775757,-3.556997060775757,0.01874999888241291,-3.579242706298828,0.003495788434520364,826.96875
b1,54000,0,8,2,2,334.125,90.92536163330078,-4.2032694816589355,-4.2032694816589355,-0.0024999999441206455,-4.170382976531982,-0.030386656522750854,828.640625
b2,36000,0,2,3,2,336.15625,84.45121002197266,1.1002665758132935,1.1002665758132935,-0.04437499865889549,1.1496620178222656,-0.005020446609705687,836.7578125
b2,36000,0,3,3,2,338.375,84.20018768310547,0.0,0.0,0.0,-0.0,-0.0,838.765625
b2,36000,0,4,3,2,338.34375,86.65037536621094,-0.5392008423805237,-0.5392008423805237,-0.0006249999860301614,-0.48957204818725586,-0.04900375381112099,840.203125
b2,36000,0,5,3,2,338.625,87.49954986572266,-1.4358255863189697,-1.4358255863189697,0.004999999888241291,-1.3748383522033691,-0.0659872442483902,840.78125
b2,36000,0,6,3,2,337.5,90.39358520507812,-1.9576143026351929,-1.9576143026351929,-0.017500000074505806,-1.8162462711334229,-0.1238679513335228,841.1484375
b2,36000,0,7,3,2,336.34375,91.52513122558594,-2.484281301498413,-2.484281301498413,-0.04062499850988388,-2.2971572875976562,-0.1464988738298416,838.734375
b2,36000,0,8,3,2,335.5625,92.4810562133789,-3.3825929164886475,-3.3825929164886475,-0.05624999850988388,-3.1607253551483154,-0.16561736166477203,838.625
b2,38000,2,2,3,2,307.59375,109.49339294433594,1.3169115781784058,1.3169115781784058,0.8087499737739563,1.0458786487579346,-0.5377169847488403,
b2,38000,2,3,3,2,267.15625,82.6075439453125,0.0,0.0,0.0,-0.0,-0.0,
b2,38000,2,4,3,2,121.9375,38.89082336425781,-2.89532208442688,-2.89532208442688,-2.904374837875366,-0.8652815818786621,0.8743343949317932,
b2,38000,2,5,3,2,105.46875,39.98904800415039,-3.9818296432495117,-3.9818296432495117,-3.2337498664855957,-1.6004496812820435,0.8523699045181274,
b2,38000,2,6,3,2,118.25,87.43997955322266,-5.317895412445068,-5.317895412445068,-2.9781248569488525,-2.243122100830078,-0.09664870798587799,
b2,38000,2,7,3,2,118.40625,96.35768127441406,-6.067540645599365,-6.067540645599365,-2.9749999046325684,-2.817538022994995,-0.27500274777412415,
b2,38000,2,8,3,2,105.40625,89.63775634765625,-6.717630863189697,-6.717630863189697,-3.234999895095825,-3.342026948928833,-0.14060424268245697,
b2,40000,2,2,3,2,317.6875,119.10432434082031,0.7342250347137451,0.7342250347137451,-0.22062499821186066,0.9564312696456909,-0.0015812682686373591,706.2578125
b2,40000,2,3,3,2,328.71875,119.02526092529297,0.0,0.0,0.0,-0.0,-0.0,722.8984375
b2,40000,2,4,3,2,330.5,119.38016510009766,-1.1722029447555542,-1.1722029447555542,0.035624999552965164,-1.2007298469543457,-0.007098083384335041,723.3359375
b2,40000,2,5,3,2,328.15625,121.13837432861328,-2.1214656829833984,-2.1214656829833984,-0.011249999515712261,-2.06795334815979,-0.04226226732134819,721.5859375
b2,40000,2,6,3,2,320.40625,125.87117004394531,-3.027945041656494,-3.027945041656494,-0.16624999046325684,-2.7247769832611084,-0.13691817224025726,711.328125
b2,40000,2,7,3,2,301.40625,130.12562561035156,-3.907467842102051,-3.907467842102051,-0.5462499856948853,-3.1392107009887695,-0.22200728952884674,687.2578125
b2,40000,2,8,3,2,274.71875,142.1463165283203,-5.02544641494751,-5.02544641494751,-1.0799999237060547,-3.483025312423706,-0.46242108941078186,671.3359375
b2,42000,6,2,3,2,41.875,20.525516510009766,1.191917896270752,1.191917896270752,0.13750000298023224,1.1552913188934326,-0.1008734479546547,
b2,42000,6,3,3,2,35.0,15.481843948364258,0.0,0.0,0.0,-0.0,-0.0,
b2,42000,6,4,3,2,33.5625,15.010282516479492,-0.8332698941230774,-0.8332698941230774,-0.028749998658895493,-0.8139511346817017,0.009431228041648865,
b2,42000,6,5,3,2,34.1875,16.98609161376953,-1.652894377708435,-1.652894377708435,-0.016249999403953552,-1.6065593957901,-0.03008495271205902,
b2,42000,6,6,3,2,30.84375,12.923111915588379,-2.2810006141662598,-2.2810006141662598,-0.08312499523162842,-2.2490503787994385,0.05117464065551758,
b2,42000,6,7,3,2,30.78125,13.301161766052246,-2.922981023788452,-2.922981023788452,-0.08437500149011612,-2.8822197914123535,0.04361364245414734,
b2,42000,6,8,3,2,30.375,13.476252555847168,-3.825564384460449,-3.825564384460449,-0.0925000011920929,-3.7731761932373047,0.04011182859539986,
b2,44000,6,2,3,2,20.03125,17.768447875976562,0.6230354905128479,0.6230354905128479,0.15437500178813934,0.6290655136108398,-0.1604050248861313,69.828125
b2,44000,6,3,3,2,12.3125,9.748196601867676,0.0,0.0,0.0,-0.0,-0.0,30.546875
b2,44000,6,4,3,2,8.0,4.76969575881958,-1.0134642124176025,-1.0134642124176025,-0.08624999970197678,-1.0267843008041382,0.09957001358270645,24.7109375
b2,44000,6,5,3,2,9.4375,5.527982711791992,-1.5822126865386963,-1.5822126865386963,-0.057499997317790985,-1.6091169118881226,0.08440427482128143,31.90625
b2,44000,6,6,3,2,12.15625,5.466427803039551,-2.406731367111206,-2.406731367111206,-0.003124999813735485,-2.4892418384552,0.08563537150621414,31.6484375
b2,44000,6,7,3,2,10.9375,6.628242015838623,-2.6438188552856445,-2.6438188552856445,-0.027499999850988388,-2.678718090057373,0.062399089336395264,33.765625
b2,44000,6,8,3,2,12.25,9.447221755981445,-2.7699122428894043,-2.7699122428894043,-0.0012499999720603228,-2.774681806564331,0.006019496824592352,34.546875
b2,46000,4,2,3,2,55.125,32.0836296081543,1.3598690032958984,1.3598690032958984,0.35499998927116394,1.3384121656417847,-0.33354315161705017,
b2,46000,4,3,3,2,37.375,15.406471252441406,0.0,0.0,0.0,-0.0,-0.0,
b2,46000,4,4,3,2,27.65625,19.328750610351562,-1.2895547151565552,-1.2895547151565552,-0.19437499344348907,-1.0167341232299805,-0.07844558358192444,
b2,46000,4,5,3,2,27.96875,16.181556701660156,-1.8016427755355835,-1.8016427755355835,-0.18812499940395355,-1.5980160236358643,-0.015501708723604679,
b2,46000,4,6,3,2,37.34375,17.828365325927734,-2.0441784858703613,-2.0441784858703613,-0.0006249999860301614,-1.9951156377792358,-0.04843788221478462,
b2,46000,4,7,3,2,36.5,13.490736961364746,-2.214604139328003,-2.214604139328003,-0.017500000074505806,-2.2354187965393066,0.038314685225486755,
b2,46000,4,8,3,2,36.53125,16.881914138793945,-2.499772310256958,-2.499772310256958,-0.016874998807907104,-2.4533884525299072,-0.029508857056498528,
b2,48000,4,2,3,2,72.21875,48.541690826416016,1.296595573425293,1.296595573425293,0.84375,1.046900749206543,-0.59405517578125,160.9140625
b2,48000,4,3,3,2,30.03125,18.838930130004883,0.0,0.0,0.0,-0.0,-0.0,68.6796875
b2,48000,4,4,3,2,26.6875,20.3292236328125,-0.7228453159332275,-0.7228453159332275,-0.06687499582767487,-0.626164436340332,-0.029805868864059448,60.0234375
b2,48000,4,5,3,2,22.90625,18.59495735168457,-1.4081019163131714,-1.4081019163131714,-0.14249999821186066,-1.2704813480377197,0.0048794555477797985,45.40625
b2,48000,4,6,3,2,38.21875,18.194665908813477,-1.7661442756652832,-1.7661442756652832,0.16374999284744263,-1.9427796602249146,0.012885283678770065,96.625
b2,48000,4,7,3,2,34.59375,17.806001663208008,-2.4230611324310303,-2.4230611324310303,0.0912499949336052,-2.5349695682525635,0.020658569410443306,89.5859375
b2,48000,4,8,3,2,33.4375,11.80025863647461,-2.7932350635528564,-2.7932350635528564,0.06812500208616257,-3.00213360786438,0.14077343046665192,87.3125
b2,50000,0,2,3,3,334.96875,79.84182739257812,0.39638522267341614,0.39638522267341614,0.08999999612569809,0.026329517364501953,0.2800557017326355,
b2,50000,0,3,3,3,330.46875,93.84461212158203,0.0,0.0,0.0,-0.0,-0.0,
b2,50000,0,4,3,3,330.84375,93.85597229003906,-0.6476625800132751,-0.6476625800132751,0.007499999832361937,-0.654935359954834,-0.00022720335982739925,
b2,50000,0,5,3,3,324.71875,107.6374740600586,-1.8513526916503906,-1.8513526916503906,-0.11499999463558197,-1.4604954719543457,-0.27585723996162415,
b2,50000,0,6,3,3,324.53125,107.93486785888672,-2.4222919940948486,-2.4222919940948486,-0.11874999850988388,-2.0217368602752686,-0.2818050980567932,
b2,50000,0,7,3,3,324.75,107.88883209228516,-2.982466220855713,-2.982466220855713,-0.11437499523162842,-2.5872068405151367,-0.28088438510894775,
b2,50000,0,8,3,3,323.5625,108.68962097167969,-3.5542097091674805,-3.5542097091674805,-0.1381250023841858,-3.1191844940185547,-0.2969001829624176,
b2,52000,0,2,3,2,321.75,98.5875244140625,0.9409770369529724,0.9409770369529724,-0.01249999925494194,0.9588618278503418,-0.0053848265670239925,828.9921875
b2,52000,0,3,3,2,322.375,98.31828308105469,0.0,0.0,0.0,-0.0,-0.0,829.5234375
b2,52000,0,4,3,2,322.96875,98.54708862304688,-0.8465381264686584,-0.8465381264686584,0.011874999850988388,-0.8538370132446289,-0.0045761107467114925,803.0234375
b2,52000,0,5,3,2,323.3125,98.7542495727539,-1.6818053722381592,-1.6818053722381592,0.01874999888241291,-1.6918359994888306,-0.008719329722225666,798.796875
b2,52000,0,6,3,2,322.3125,99.43541717529297,-2.184678554534912,-2.184678554534912,-0.0012499999720603228,-2.161085844039917,-0.022342681884765625,799.28125
b2,52000,0,7,3,2,323.75,98.53298950195312,-2.605015277862549,-2.605015277862549,0.027499999850988388,-2.628221035003662,-0.004294128157198429,799.328125
b2,52000,0,8,3,2,321.59375,100.78685760498047,-3.1370961666107178,-3.1370961666107178,-0.015625,-3.0720996856689453,-0.04937148839235306,798.9296875
b2,54000,0,2,3,2,325.46875,91.83578491210938,1.064315915107727,1.064315915107727,0.0018749999580904841,1.0723509788513184,-0.00991012528538704,823.9296875
b2,54000,0,3,3,2,325.375,91.34027862548828,0.0,0.0,0.0,-0.0,-0.0,822.9921875
b2,54000,0,4,3,2,323.65625,92.79061889648438,-0.9214867353439331,-0.9214867353439331,-0.03437500074505806,-0.858104944229126,-0.029006805270910263,821.1875
b2,54000,0,5,3,2,322.34375,92.32063293457031,-1.6772887706756592,-1.6772887706756592,-0.060624998062849045,-1.5970567464828491,-0.01960708573460579,815.4296875
b2,54000,0,6,3,2,317.75,96.4241943359375,-2.5049710273742676,-2.5049710273742676,-0.1525000035762787,-2.2507927417755127,-0.10167831182479858,817.2109375
b2,54000,0,7,3,2,321.375,92.912841796875,-2.9470372200012207,-2.9470372200012207,-0.07999999821186066,-2.8355860710144043,-0.0314512625336647,817.2890625
b2,54000,0,8,3,2,323.3125,91.26624298095703,-3.427159070968628,-3.427159070968628,-0.04124999791383743,-3.387389898300171,0.0014807129045948386,821.703125
b3,36000,0,2,2,2,333.59375,87.63056182861328,0.0,0.0,0.0,-0.0,-0.0,837.578125
b3,36000,0,3,2,2,336.8125,86.31534576416016,-1.2422510385513306,-1.2422510385513306,0.06437499821186066,-1.3329304456710815,0.026304321363568306,839.953125
b3,36000,0,4,2,2,336.625,89.68477630615234,-1.9600456953048706,-1.9600456953048706,0.060624998062849045,-1.9795863628387451,-0.04108428955078125,841.0
b3,36000,0,5,2,2,333.125,100.89064025878906,-2.644909143447876,-2.644909143447876,-0.009374999441206455,-2.3703324794769287,-0.2652015686035156,840.4765625
b3,36000,0,6,2,2,332.96875,101.46996307373047,-3.1471571922302246,-3.1471571922302246,-0.01249999925494194,-2.8578691482543945,-0.27678802609443665,839.0078125
b3,36000,0,7,2,2,331.78125,102.88121795654297,-3.730994462966919,-3.730994462966919,-0.036249998956918716,-3.3897311687469482,-0.30501312017440796,837.6015625
b3,36000,0,8,2,2,332.875,102.46576690673828,-4.267556190490723,-4.267556190490723,-0.014374999329447746,-3.956476926803589,-0.29670408368110657,838.4453125
b3,38000,2,2,2,2,259.5,88.87525939941406,0.0,0.0,0.0,-0.0,-0.0,
b3,38000,2,3,2,2,113.90625,77.52191162109375,-3.7381298542022705,-3.7381298542022705,-2.911875009536743,-1.0533218383789062,0.22706694900989532,
b3,38000,2,4,2,2,124.75,90.27042388916016,-4.637878894805908,-4.637878894805908,-2.694999933242798,-1.9149761199951172,-0.02790328860282898,
b3,38000,2,5,2,2,73.0,34.2061767578125,-5.273739814758301,-5.273739814758301,-3.7300000190734863,-2.6371212005615234,1.093381643295288,
b3,38000,2,6,2,2,53.4375,21.139326095581055,-6.032804012298584,-6.032804012298584,-4.121249675750732,-3.266273021697998,1.354718565940857,
b3,38000,2,7,2,2,64.71875,27.664546966552734,-6.497955799102783,-6.497955799102783,-3.895624876022339,-3.826545238494873,1.2242141962051392,
b3,38000,2,8,2,2,58.0625,24.581417083740234,-7.081976413726807,-7.081976413726807,-4.028749942779541,-4.339103698730469,1.285876750946045,
b3,40000,2,2,2,2,315.65625,120.2439193725586,0.0,0.0,0.0,-0.0,-0.0,711.96875
b3,40000,2,3,2,2,291.84375,103.95133972167969,-1.159058690071106,-1.159058690071106,-0.4762499928474426,-1.0086603164672852,0.32585158944129944,642.625
b3,40000,2,4,2,2,243.0625,100.70561218261719,-2.8625216484069824,-2.8625216484069824,-1.4518749713897705,-1.80141282081604,0.3907661437988281,529.8671875
b3,40000,2,5,2,2,231.125,102.48558807373047,-3.550694704055786,-3.550694704055786,-1.6906249523162842,-2.2152364253997803,0.35516661405563354,556.96875
b3,40000,2,6,2,2,238.71875,129.3691864013672,-4.184344291687012,-4.184344291687012,-1.5387499332427979,-2.4630892276763916,-0.18250533938407898,590.40625
b3,40000,2,7,2,2,152.125,126.27914428710938,-5.999650955200195,-5.999650955200195,-3.270624876022339,-2.60832142829895,-0.12070449441671371,428.46875
b3,40000,2,8,2,2,99.65625,108.20802307128906,-6.895193099975586,-6.895193099975586,-4.319999694824219,-2.815911293029785,0.24071791768074036,346.078125
b3,42000,6,2,6,2,61.8125,37.02485275268555,3.514698028564453,3.514698028564453,0.6331250071525574,3.2789552211761475,-0.39738231897354126,
b3,42000,6,3,6,2,40.09375,18.023178100585938,2.2532401084899902,2.2532401084899902,0.19874998927116394,2.071838855743408,-0.017348824068903923,
b3,42000,6,4,6,2,39.0,16.20570945739746,1.4252349138259888,1.4252349138259888,0.17687499523162842,1.2293593883514404,0.019000548869371414,
b3,42000,6,5,6,2,32.5,17.115415573120117,0.6407821178436279,0.6407821178436279,0.046875,0.5931006669998169,0.0008064269786700606,
b3,42000,6,6,6,2,30.15625,17.155736923217773,0.0,0.0,0.0,-0.0,-0.0,
b3,42000,6,7,6,2,20.09375,21.332719802856445,-0.9413198232650757,-0.9413198232650757,-0.20125000178813934,-0.6565301418304443,-0.08353965729475021,
b3,42000,6,8,6,2,12.96875,23.16716957092285,-1.5122390985488892,-1.5122390985488892,-0.34375,-1.0482604503631592,-0.12022864818572998,
b3,44000,6,2,6,2,38.59375,23.64960289001465,3.7284417152404785,3.7284417152404785,0.3349999785423279,3.523428201675415,-0.12998661398887634,96.9453125
b3,44000,6,3,6,2,27.125,18.81114959716797,2.526988983154297,2.526988983154297,0.10562499612569809,2.4545814990997314,-0.033217545598745346,87.265625
b3,44000,6,4,6,2,30.0625,22.807533264160156,1.070626974105835,1.070626974105835,0.16437499225139618,1.019397258758545,-0.11314521729946136,101.8046875
b3,44000,6,5,6,2,31.5,26.431514739990234,0.3552898168563843,0.3552898168563843,0.19312499463558197,0.3477896749973297,-0.1856248378753662,101.28125
b3,44000,6,6,6,2,21.84375,17.150272369384766,0.0,0.0,0.0,-0.0,-0.0,77.125
b3,44000,6,7,6,2,19.90625,14.215659141540527,-0.5570738911628723,-0.5570738911628723,-0.038750000298023224,-0.5770161747932434,0.05869226157665253,68.15625
b3,44000,6,8,6,2,21.21875,16.164649963378906,-1.1251156330108643,-1.1251156330108643,-0.01249999925494194,-1.1323280334472656,0.019712448120117188,70.9296875
b3,46000,4,2,4,2,99.5,37.342166900634766,2.677713394165039,2.677713394165039,0.7837499976158142,2.195261001586914,-0.301297664642334,
b3,46000,4,3,4,2,65.125,20.785736083984375,0.7734057307243347,0.7734057307243347,0.09624999761581421,0.647324800491333,0.0298309326171875,
b3,46000,4,4,4,2,60.3125,22.27728271484375,0.0,0.0,0.0,-0.0,-0.0,
b3,46000,4,5,4,2,52.3125,24.32390594482422,-0.6920451521873474,-0.6920451521873474,-0.1599999964237213,-0.49111270904541016,-0.040932465344667435,
b3,46000,4,6,4,2,34.5625,18.678091049194336,-1.4812061786651611,-1.4812061786651611,-0.5149999856948853,-1.0381900072097778,0.07198382914066315,
b3,46000,4,7,4,2,49.59375,31.67891502380371,-2.055649995803833,-2.055649995803833,-0.21437498927116394,-1.6532423496246338,-0.18803264200687408,
b3,46000,4,8,4,2,60.0625,34.1567497253418,-2.5920588970184326,-2.5920588970184326,-0.004999999888241291,-2.3494694232940674,-0.23758932948112488,
b3,48000,4,2,4,2,70.09375,31.680395126342773,1.4658892154693604,1.4658892154693604,0.025624999776482582,1.652640700340271,-0.2123764306306839,159.8671875
b3,48000,4,3,4,2,63.90625,23.2572021484375,0.8244609236717224,0.8244609236717224,-0.09812499582767487,0.9664984941482544,-0.043912582099437714,152.9921875
b3,48000,4,4,4,2,68.8125,21.061573028564453,0.0,0.0,0.0,-0.0,-0.0,151.46875
b3,48000,4,5,4,2,56.8125,31.678499221801758,-1.1837979555130005,-1.1837979555130005,-0.23999999463558197,-0.7314594388008118,-0.21233852207660675,139.859375
b3,48000,4,6,4,2,46.375,29.216594696044922,-1.7834298610687256,-1.7834298610687256,-0.44874998927116394,-1.171579360961914,-0.1631004363298416,124.0625
b3,48000,4,7,4,2,30.9375,20.5181884765625,-2.3326058387756348,-2.3326058387756348,-0.7574999928474426,-1.5859735012054443,0.010867690667510033,66.9921875
b3,48000,4,8,4,2,25.15625,9.417766571044922,-2.634822130203247,-2.634822130203247,-0.8731249570846558,-1.9945732355117798,0.23287612199783325,67.078125
b3,50000,0,2,2,2,338.5,80.29048919677734,0.0,0.0,0.0,-0.0,-0.0,
b3,50000,0,3,2,2,333.84375,85.18256378173828,-1.1730130910873413,-1.1730130910873413,-0.09312500059604645,-0.9820465445518494,-0.09784148633480072,
b3,50000,0,4,2,2,335.3125,85.13277435302734,-1.7855714559555054,-1.7855714559555054,-0.0637499988079071,-1.6249756813049316,-0.09684570133686066,
b3,50000,0,5,2,2,329.65625,98.4640121459961,-2.6564831733703613,-2.6564831733703613,-0.17687499523162842,-2.1161375045776367,-0.3634704649448395,
b3,50000,0,6,2,2,326.65625,109.99675750732422,-3.321104049682617,-3.321104049682617,-0.2368749976158142,-2.4901037216186523,-0.5941253304481506,
b3,50000,0,7,2,2,327.1875,109.91571044921875,-3.6056666374206543,-3.6056666374206543,-0.22624999284744263,-2.786912202835083,-0.5925043821334839,
b3,50000,0,8,2,2,327.1875,109.83465576171875,-3.758782386779785,-3.758782386779785,-0.22624999284744263,-2.9416491985321045,-0.5908833146095276,
b3,52000,0,2,2,2,319.46875,112.03849029541016,0.0,0.0,0.0,-0.0,-0.0,792.9765625
b3,52000,0,3,2,2,321.1875,111.91331481933594,-0.7082825303077698,-0.7082825303077698,0.03437500074505806,-0.7451610565185547,0.0025035094004124403,799.546875
b3,52000,0,4,2,2,321.34375,112.22176361083984,-1.3676635026931763,-1.3676635026931763,0.03749999776482582,-1.4014980792999268,-0.0036654663272202015,821.03125
b3,52000,0,5,2,2,320.53125,112.90481567382812,-2.0867319107055664,-2.0867319107055664,0.021250000223517418,-2.0906553268432617,-0.017326507717370987,836.078125
b3,52000,0,6,2,2,328.90625,97.73444366455078,-1.9922863245010376,-1.9922863245010376,0.1887499988079071,-2.4671173095703125,0.286080926656723,836.5625
b3,52000,0,7,2,2,328.0625,98.1882553100586,-2.625676155090332,-2.625676155090332,0.171875,-3.0745558738708496,0.2770046889781952,832.8984375
b3,52000,0,8,2,2,324.5,101.18856048583984,-3.3116350173950195,-3.3116350173950195,0.10062500089406967,-3.629258632659912,0.21699859201908112,830.828125
b3,54000,0,2,2,2,334.5,90.2693862915039,0.0,0.0,0.0,-0.0,-0.0,796.9140625
b3,54000,0,3,2,2,335.3125,89.82672119140625,-1.1270920038223267,-1.1270920038223267,0.016249999403953552,-1.1521953344345093,0.008853301405906677,792.9765625
b3,54000,0,4,2,2,136.15625,182.56301879882812,-7.877901077270508,-7.877901077270508,-3.966874837875366,-2.065153121948242,-1.8458726406097412,402.8671875
b3,54000,0,5,2,2,132.875,184.32473754882812,-8.719639778137207,-8.719639778137207,-4.03249979019165,-2.806032419204712,-1.881106972694397,401.1796875
b3,54000,0,6,2,2,139.46875,183.62887573242188,-9.202239036560059,-9.202239036560059,-3.900624990463257,-3.4344241619110107,-1.8671897649765015,410.7734375
b3,54000,0,7,2,2,140.53125,182.77325439453125,-9.71096420288086,-9.71096420288086,-3.8793749809265137,-3.981511354446411,-1.8500772714614868,451.796875
b3,54000,0,8,2,2,171.6875,179.74380493164062,-9.504006385803223,-9.504006385803223,-3.2562499046325684,-4.458268165588379,-1.7894883155822754,489.921875
b4,36000,0,2,2,2,332.78125,88.22900390625,0.0,0.0,0.0,-0.0,-0.0,836.953125
b4,36000,0,3,2,2,335.5625,86.80111694335938,-0.850041389465332,-0.850041389465332,0.05562499910593033,-0.9342241287231445,0.028557738289237022,838.203125
b4,36000,0,4,2,2,331.78125,100.65681457519531,-1.246566653251648,-1.246566653251648,-0.019999999552965164,-0.9780104160308838,-0.2485562115907669,839.2109375
b4,36000,0,5,2,2,332.21875,100.99496459960938,-2.1103429794311523,-2.1103429794311523,-0.011249999515712261,-1.8437738418579102,-0.255319207906723,835.421875
b4,36000,0,6,2,2,332.21875,101.27799224853516,-2.8302297592163086,-2.8302297592163086,-0.011249999515712261,-2.558000087738037,-0.2609797716140747,833.375
b4,36000,0,7,2,2,328.84375,103.97748565673828,-3.6480774879455566,-3.6480774879455566,-0.07874999940395355,-3.2543580532073975,-0.31496962904930115,833.203125
b4,36000,0,8,2,2,334.34375,92.09050750732422,-4.351839065551758,-4.351839065551758,0.03125,-4.305859088897705,-0.0772300735116005,835.0546875
b4,38000,2,2,3,2,335.0,93.03427124023438,2.018423557281494,2.018423557281494,0.7549999952316284,1.1307201385498047,0.13270354270935059,
b4,38000,2,3,3,2,297.25,99.66944885253906,0.0,0.0,0.0,-0.0,-0.0,
b4,38000,2,4,3,2,199.03125,75.25933837890625,-2.398780345916748,-2.398780345916748,-1.9643748998641968,-0.9226076602935791,0.48820218443870544,
b4,38000,2,5,3,2,105.9375,55.13616180419922,-4.628329753875732,-4.628329753875732,-3.826249837875366,-1.692745566368103,0.8906657099723816,
b4,38000,2,6,3,2,81.90625,49.35481262207031,-5.660908222198486,-5.660908222198486,-4.306874752044678,-2.3603262901306152,1.006292700767517,
b4,38000,2,7,3,2,95.5625,75.6054458618164,-6.514114856719971,-6.514114856719971,-4.033750057220459,-2.9616446495056152,0.48128005862236023,
b4,38000,2,8,3,2,106.5,106.8611831665039,-7.4748005867004395,-7.4748005867004395,-3.81499981880188,-3.5159661769866943,-0.1438346803188324,
b4,40000,2,2,3,4,111.0,43.17333984375,0.41896188259124756,0.41896188259124756,-2.1943750381469727,1.4658013582229614,1.1475355625152588,236.2578125
b4,40000,2,3,3,4,220.71875,100.55011749267578,0.0,0.0,0.0,-0.0,-0.0,527.8203125
b4,40000,2,4,3,4,304.125,118.13095092773438,0.5630011558532715,0.5630011558532715,1.6681249141693115,-0.7535070776939392,-0.35161665081977844,700.2734375
b4,40000,2,5,3,4,305.5,119.42753601074219,0.20831260085105896,0.20831260085105896,1.6956249475479126,-1.1097639799118042,-0.37754836678504944,706.3359375
b4,40000,2,6,3,4,185.0,135.74240112304688,-2.5744996070861816,-2.5744996070861816,-0.7143749594688416,-1.1562789678573608,-0.7038456797599792,491.4453125
b4,40000,2,7,3,4,194.15625,136.6043701171875,-2.454904556274414,-2.454904556274414,-0.53125,-1.202569603919983,-0.7210850119590759,439.953125
b4,40000,2,8,3,4,169.28125,136.9747314453125,-3.1268491744995117,-3.1268491744995117,-1.028749942779541,-1.3696069717407227,-0.728492259979248,434.671875
b4,42000,6,2,7,3,46.96875,35.753047943115234,2.733964681625366,2.733964681625366,0.07999999821186066,2.5237226486206055,0.1302420049905777,
b4,42000,6,3,7,3,40.4375,18.260164260864258,3.063880681991577,3.063880681991577,-0.05062500014901161,2.634406089782715,0.4800996780395508,
b4,42000,6,4,7,3,41.53125,30.528657913208008,0.6421047449111938,0.6421047449111938,-0.028749998658895493,0.43612492084503174,0.2347297966480255,
b4,42000,6,5,7,3,54.53125,52.99881362915039,0.25833067297935486,0.25833067297935486,0.23124998807907104,0.24175399541854858,-0.21467331051826477,
b4,42000,6,6,7,3,49.53125,47.59135055541992,0.06486383825540543,0.06486383825540543,0.13124999403953552,0.0401378870010376,-0.1065240427851677,
b4,42000,6,7,7,3,42.96875,42.2651481628418,0.0,0.0,0.0,-0.0,-0.0,
b4,42000,6,8,7,3,34.3125,21.01255226135254,-0.6148697137832642,-0.6148697137832642,-0.1731249988079071,-0.866796612739563,0.42505189776420593,
b4,44000,6,2,7,2,17.96875,11.375643730163574,3.197141170501709,3.197141170501709,0.038750000298023224,3.208881139755249,-0.05048997700214386,50.828125
b4,44000,6,3,7,2,12.09375,8.464482307434082,1.7463493347167969,1.7463493347167969,-0.07874999940395355,1.817366123199463,0.007733249571174383,25.25
b4,44000,6,4,7,2,22.09375,16.022171020507812,1.3405656814575195,1.3405656814575195,0.12124999612569809,1.3627361059188843,-0.1434205174446106,80.1796875
b4,44000,6,5,7,2,15.0625,9.476739883422852,0.7680120468139648,0.7680120468139648,-0.019375000149011612,0.7998989820480347,-0.012511901557445526,48.8359375
b4,44000,6,6,7,2,14.65625,9.204649925231934,0.3833243250846863,0.3833243250846863,-0.027499999850988388,0.4178944230079651,-0.007070102728903294,46.4765625
b4,44000,6,7,7,2,16.03125,8.851144790649414,0.0,0.0,0.0,-0.0,-0.0,44.5390625
b4,44000,6,8,7,2,16.5,7.909646034240723,-0.18265527486801147,-0.18265527486801147,0.009374999441206455,-0.2108602523803711,0.01882997527718544,43.46875
b4,46000,4,2,5,2,112.1875,64.93672180175781,3.6626076698303223,3.6626076698303223,2.013749837875366,2.5667378902435303,-0.9178800582885742,
b4,46000,4,3,5,2,24.25,26.838638305664062,1.3656806945800781,1.3656806945800781,0.2549999952316284,1.266599178314209,-0.15591846406459808,
b4,46000,4,4,5,2,14.3125,20.31846046447754,0.5848859548568726,0.5848859548568726,0.05624999850988388,0.5541508793830872,-0.025514908134937286,
b4,46000,4,5,5,2,11.5,19.042715072631836,0.0,0.0,0.0,-0.0,-0.0,
b4,46000,4,6,5,2,5.875,8.855612754821777,-0.4311372637748718,-0.4311372637748718,-0.11249999701976776,-0.5223792791366577,0.20374204218387604,
b4,46000,4,7,5,2,5.84375,9.236846923828125,-0.9711546301841736,-0.9711546301841736,-0.11312499642372131,-1.0541470050811768,0.1961173564195633,
b4,46000,4,8,5,2,12.84375,18.486665725708008,-1.3453969955444336,-1.3453969955444336,0.026874998584389687,-1.3833930492401123,0.011120987124741077,
b4,48000,4,2,5,2,120.53125,90.2115478515625,1.8451775312423706,1.8451775312423706,0.7581250071525574,1.9264938831329346,-0.8394414186477661,379.7265625
b4,48000,4,3,5,2,121.46875,81.5571060180664,1.491524338722229,1.491524338722229,0.7768749594688416,1.3810019493103027,-0.6663526296615601,286.625
b4,48000,4,4,5,2,104.21875,56.95981979370117,1.0720406770706177,1.0720406770706177,0.43187499046325684,0.8145725727081299,-0.17440688610076904,246.6171875
b4,48000,4,5,5,2,82.625,48.23947525024414,0.0,0.0,0.0,-0.0,-0.0,211.015625
b4,48000,4,6,5,2,64.84375,37.4650764465332,-0.7810961008071899,-0.7810961008071899,-0.3556250035762787,-0.6409590244293213,0.21548797190189362,164.8828125
b4,48000,4,7,5,2,57.59375,33.49333572387695,-1.237694501876831,-1.237694501876831,-0.5006250143051147,-1.0319923162460327,0.29492276906967163,154.671875
b4,48000,4,8,5,2,64.15625,39.93675231933594,-1.652602195739746,-1.652602195739746,-0.36937499046325684,-1.4492816925048828,0.16605445742607117,146.5078125
b4,50000,0,2,2,2,338.0625,77.94426727294922,0.0,0.0,0.0,-0.0,-0.0,
b4,50000,0,3,2,2,338.34375,78.66050720214844,-0.7566279172897339,-0.7566279172897339,0.005624999757856131,-0.7479281425476074,-0.014324798248708248,
b4,50000,0,4,2,2,335.96875,82.06646728515625,-1.3503541946411133,-1.3503541946411133,-0.041874997317790985,-1.226035237312317,-0.08244399726390839,
b4,50000,0,5,2,2,331.28125,86.8620376586914,-2.8514015674591064,-2.8514015674591064,-0.1356249898672104,-2.537421226501465,-0.178355410695076,
b4,50000,0,6,2,2,319.53125,91.87116241455078,-3.9251134395599365,-3.9251134395599365,-0.37062498927116394,-3.2759504318237305,-0.27853789925575256,
b4,50000,0,7,2,2,290.8125,122.36048889160156,-5.553375244140625,-5.553375244140625,-0.9449999928474426,-3.720050811767578,-0.8883244395256042,
b4,50000,0,8,2,2,262.78125,159.87899780273438,-7.224522590637207,-7.224522590637207,-1.5056250095367432,-4.080202579498291,-1.6386945247650146,
b4,52000,0,2,2,2,317.25,112.28924560546875,0.0,0.0,0.0,-0.0,-0.0,754.453125
b4,52000,0,3,2,2,324.6875,98.80487060546875,-0.40196964144706726,-0.40196964144706726,0.14874999225139618,-0.8204071521759033,0.2696875035762787,770.8515625
b4,52000,0,4,2,2,321.9375,97.26058197021484,-1.2051455974578857,-1.2051455974578857,0.09375,-1.5994688272476196,0.3005732595920563,805.7265625
b4,52000,0,5,2,2,317.03125,102.83860778808594,-2.5315887928009033,-2.5315887928009033,-0.0043750000186264515,-2.716226577758789,0.18901275098323822,821.1796875
b4,52000,0,6,2,2,314.15625,101.93106842041016,-3.358829975128174,-3.358829975128174,-0.06187499687075615,-3.5041184425354004,0.20716354250907898,823.578125
b4,52000,0,7,2,2,313.75,103.06126403808594,-3.8877499103546143,-3.8877499103546143,-0.07000000029802322,-4.002309322357178,0.184559628367424,822.1484375
b4,52000,0,8,2,2,301.5625,111.07821655273438,-4.722259044647217,-4.722259044647217,-0.3137499988079071,-4.432729721069336,0.024220580235123634,819.7734375
b4,54000,0,2,2,2,330.5,89.85682678222656,0.0,0.0,0.0,-0.0,-0.0,821.71875
b4,54000,0,3,2,2,332.1875,90.27334594726562,-1.0393493175506592,-1.0393493175506592,0.03374999761581421,-1.0647690296173096,-0.008330383338034153,819.6640625
b4,54000,0,4,2,2,328.5,101.5024642944336,-2.158646821975708,-2.158646821975708,-0.03999999910593033,-1.8857340812683105,-0.23291274905204773,816.703125
b4,54000,0,5,2,2,328.4375,103.6607894897461,-2.8872272968292236,-2.8872272968292236,-0.04124999791383743,-2.5698981285095215,-0.2760792374610901,810.046875
b4,54000,0,6,2,2,329.71875,104.034912109375,-3.467607021331787,-3.467607021331787,-0.015625,-3.1684203147888184,-0.28356170654296875,767.75
b4,54000,0,7,2,2,310.625,115.80121612548828,-4.621606826782227,-4.621606826782227,-0.3974999785423279,-3.7052195072174072,-0.5188877582550049,741.171875
b4,54000,0,8,2,2,224.75,133.14910888671875,-7.176438331604004,-7.176438331604004,-2.115000009536743,-4.195592880249023,-0.8658456206321716,358.4609375
b5,36000,0,2,2,2,338.5859375,91.63382720947266,0.0,0.0,0.0,0.0,0.0,838.234375
b5,36000,0,3,2,2,338.4609375,94.86609649658203,-0.125,-0.125,-0.125,0.0,0.0,840.4921875
b5,36000,0,4,2,2,338.46875,97.71321868896484,-0.1171875,-0.1171875,-0.1171875,0.0,0.0,841.75
b5,36000,0,5,2,2,335.28125,107.78340911865234,-3.3046875,-3.3046875,-3.3046875,0.0,0.0,842.25
b5,36000,0,6,2,2,337.3046875,102.35826110839844,-1.28125,-1.28125,-1.28125,0.0,0.0,840.4296875
b5,36000,0,7,2,2,338.1953125,99.13516998291016,-0.390625,-0.390625,-0.390625,0.0,0.0,840.546875
b5,36000,0,8,2,2,337.78125,99.44328308105469,-0.8046875,-0.8046875,-0.8046875,0.0,0.0,841.515625
b5,38000,2,2,2,2,320.40625,100.59683990478516,0.0,0.0,0.0,0.0,0.0,
b5,38000,2,3,2,2,204.8515625,72.54417419433594,-115.5546875,-115.5546875,-115.5546875,0.0,0.0,
b5,38000,2,4,2,2,137.8359375,91.71497344970703,-182.5703125,-182.5703125,-182.5703125,0.0,0.0,
b5,38000,2,5,2,2,74.7421875,27.154430389404297,-245.6640625,-245.6640625,-245.6640625,0.0,0.0,
b5,38000,2,6,2,2,67.15625,27.445524215698242,-253.25,-253.25,-253.25,0.0,0.0,
b5,38000,2,7,2,2,45.5,15.735112190246582,-274.90625,-274.90625,-274.90625,0.0,0.0,
b5,38000,2,8,2,2,39.4921875,17.06879234313965,-280.9140625,-280.9140625,-280.9140625,0.0,0.0,
b5,40000,2,2,3,3,333.0,98.35832214355469,0.0,0.0,0.0,0.0,0.0,718.1328125
b5,40000,2,3,3,3,337.03125,100.14215087890625,4.03125,4.03125,4.03125,0.0,0.0,722.1640625
b5,40000,2,4,3,3,333.375,100.62383270263672,0.375,0.375,0.375,0.0,0.0,709.0078125
b5,40000,2,5,3,3,321.6328125,98.81729125976562,-11.3671875,-11.3671875,-11.3671875,0.0,0.0,676.4921875
b5,40000,2,6,3,3,209.1640625,142.09002685546875,-123.8359375,-123.8359375,-123.8359375,0.0,0.0,523.1328125
b5,40000,2,7,3,3,172.4453125,155.4479217529297,-160.5546875,-160.5546875,-160.5546875,0.0,0.0,378.7421875
b5,40000,2,8,3,3,174.2421875,158.14064025878906,-158.7578125,-158.7578125,-158.7578125,0.0,0.0,396.296875
b5,42000,6,2,3,3,32.0390625,19.358219146728516,-7.359375,-7.359375,-7.359375,0.0,0.0,
b5,42000,6,3,3,3,39.3984375,44.61315155029297,0.0,0.0,0.0,0.0,0.0,
b5,42000,6,4,3,3,32.765625,33.383304595947266,-6.6328125,-6.6328125,-6.6328125,0.0,0.0,
b5,42000,6,5,3,3,26.265625,21.317716598510742,-13.1328125,-13.1328125,-13.1328125,0.0,0.0,
b5,42000,6,6,3,3,32.6796875,31.85953712463379,-6.71875,-6.71875,-6.71875,0.0,0.0,
b5,42000,6,7,3,3,30.421875,29.05695152282715,-8.9765625,-8.9765625,-8.9765625,0.0,0.0,
b5,42000,6,8,3,3,27.34375,20.687192916870117,-12.0546875,-12.0546875,-12.0546875,0.0,0.0,
b5,44000,6,2,3,3,28.4453125,16.5905704498291,-14.5078125,-14.5078125,-14.5078125,0.0,0.0,84.578125
b5,44000,6,3,3,3,42.953125,33.0961799621582,0.0,0.0,0.0,0.0,0.0,136.6953125
b5,44000,6,4,3,3,29.9609375,20.81330680847168,-12.9921875,-12.9921875,-12.9921875,0.0,0.0,92.34375
b5,44000,6,5,3,3,24.9375,14.682977676391602,-18.015625,-18.015625,-18.015625,0.0,0.0,69.4765625
b5,44000,6,6,3,3,21.6328125,12.410222053527832,-21.3203125,-21.3203125,-21.3203125,0.0,0.0,65.9140625
b5,44000,6,7,3,3,23.6796875,13.524823188781738,-19.2734375,-19.2734375,-19.2734375,0.0,0.0,70.03125
b5,44000,6,8,3,3,22.578125,14.573417663574219,-20.375,-20.375,-20.375,0.0,0.0,68.6484375
b5,46000,4,2,2,2,122.671875,53.76323699951172,82.0625,82.0625,82.0625,0.0,0.0,
b5,46000,4,3,2,2,40.609375,16.205821990966797,0.0,0.0,0.0,0.0,0.0,
b5,46000,4,4,2,2,30.1640625,18.767398834228516,-10.4453125,-10.4453125,-10.4453125,0.0,0.0,
b5,46000,4,5,2,2,26.25,16.980688095092773,-14.359375,-14.359375,-14.359375,0.0,0.0,
b5,46000,4,6,2,2,20.09375,12.577532768249512,-20.515625,-20.515625,-20.515625,0.0,0.0,
b5,46000,4,7,2,2,13.96875,12.863428115844727,-26.640625,-26.640625,-26.640625,0.0,0.0,
b5,46000,4,8,2,2,13.609375,11.886990547180176,-27.0,-27.0,-27.0,0.0,0.0,
b5,48000,4,2,2,2,103.9609375,89.37617492675781,0.0,0.0,0.0,0.0,0.0,264.1875
b5,48000,4,3,2,2,93.8984375,83.99588775634766,-10.0625,-10.0625,-10.0625,0.0,0.0,306.5390625
b5,48000,4,4,2,2,73.8203125,43.86634826660156,-30.140625,-30.140625,-30.140625,0.0,0.0,188.0078125
b5,48000,4,5,2,2,69.46875,38.824310302734375,-34.4921875,-34.4921875,-34.4921875,0.0,0.0,173.5546875
b5,48000,4,6,2,2,61.1953125,35.8549690246582,-42.765625,-42.765625,-42.765625,0.0,0.0,143.8828125
b5,48000,4,7,2,2,57.65625,30.959508895874023,-46.3046875,-46.3046875,-46.3046875,0.0,0.0,155.9453125
b5,48000,4,8,2,2,59.0703125,37.047725677490234,-44.890625,-44.890625,-44.890625,0.0,0.0,156.1640625
b5,50000,0,2,4,4,333.109375,85.17227172851562,0.0,0.0,0.0,0.0,0.0,
b5,50000,0,3,4,4,333.3203125,84.55794525146484,0.2109375,0.2109375,0.2109375,0.0,0.0,
b5,50000,0,4,4,4,333.375,84.64134216308594,0.265625,0.265625,0.265625,0.0,0.0,
b5,50000,0,5,4,4,333.0,84.93527221679688,-0.109375,-0.109375,-0.109375,0.0,0.0,
b5,50000,0,6,4,4,331.96875,85.03086853027344,-1.140625,-1.140625,-1.140625,0.0,0.0,
b5,50000,0,7,4,4,331.6796875,84.75321960449219,-1.4296875,-1.4296875,-1.4296875,0.0,0.0,
b5,50000,0,8,4,4,331.8203125,84.5697250366211,-1.2890625,-1.2890625,-1.2890625,0.0,0.0,
b5,52000,0,2,4,4,340.3046875,94.66896057128906,-0.265625,-0.265625,-0.265625,0.0,0.0,827.90625
b5,52000,0,3,4,4,340.1015625,95.05243682861328,-0.46875,-0.46875,-0.46875,0.0,0.0,828.2734375
b5,52000,0,4,4,4,340.5703125,96.96896362304688,0.0,0.0,0.0,0.0,0.0,828.40625
b5,52000,0,5,4,4,339.421875,97.71080017089844,-1.1484375,-1.1484375,-1.1484375,0.0,0.0,827.7109375
b5,52000,0,6,4,4,338.8671875,98.61457061767578,-1.703125,-1.703125,-1.703125,0.0,0.0,828.8515625
b5,52000,0,7,4,4,339.453125,97.25907135009766,-1.1171875,-1.1171875,-1.1171875,0.0,0.0,828.828125
b5,52000,0,8,4,4,339.96875,97.13230895996094,-0.6015625,-0.6015625,-0.6015625,0.0,0.0,828.921875
b5,54000,0,2,5,5,345.328125,93.18338012695312,0.3984375,0.3984375,0.3984375,0.0,0.0,829.7265625
b5,54000,0,3,5,5,345.484375,93.68480682373047,0.5546875,0.5546875,0.5546875,0.0,0.0,831.9375
b5,54000,0,4,5,5,344.9296875,94.10426330566406,0.0,0.0,0.0,0.0,0.0,832.234375
b5,54000,0,5,5,5,345.75,93.27605438232422,0.8203125,0.8203125,0.8203125,0.0,0.0,832.1953125
b5,54000,0,6,5,5,345.5625,94.51824951171875,0.6328125,0.6328125,0.6328125,0.0,0.0,831.859375
b5,54000,0,7,5,5,344.3359375,97.66758728027344,-0.59375,-0.59375,-0.59375,0.0,0.0,831.8125
b5,54000,0,8,5,5,343.6796875,97.51841735839844,-1.25,-1.25,-1.25,0.0,0.0,827.8515625
